country,country_long,name,gppd_idnr,capacity_mw,latitude,longitude,primary_fuel,other_fuel1,other_fuel2,other_fuel3,commissioning_year,owner,source,url,geolocation_source,wepp_id,year_of_capacity_data,generation_gwh_2013,generation_gwh_2014,generation_gwh_2015,generation_gwh_2016,generation_gwh_2017,estimated_generation_gwh
CHL,Chile,ABANICO,CHL0001001,136.0,-37.3646,-71.4894,Hydro,,,,,ENDESA,Energía Abierta,http://energiaabierta.cl/electricidad/,Energía Abierta,,2016,,,,,,
CHL,Chile,AGUAS BLANCAS,CHL0000001,2.0,-24.1355,-69.8649,Oil,,,,,INGENOVA,Energía Abierta,http://energiaabierta.cl/electricidad/,Energía Abierta,,2016,,,,,,
CHL,Chile,ALFALFAL,CHL0001002,178.0,-33.5012,-70.1927,Hydro,,,,,AES GENER S.A.,Energía Abierta,http://energiaabierta.cl/electricidad/,Energía Abierta,,2016,,,,,,
CHL,Chile,ALLIPEN,CHL0001003,3.0,-38.9987,-72.2230,Hydro,,,,,HIDROELECTRICA ALLIPEN S.A.,Energía Abierta,http://energiaabierta.cl/electricidad/,Energía Abierta,,2016,,,,,,
CHL,Chile,ALTO BAGUALES,CHL0002001,1.98,-45.5260,-72.1046,Wind,,,,,EMPRESA ELECTRICA DE AYSEN S.A.,Energía Abierta,http://energiaabierta.cl/electricidad/,Energía Abierta,,2016,,,,,,
CHL,Chile,ALTO HOSPICIO,CHL0001004,1.0,,,Hydro,,,,,ENERNUEVAS S.A.,Energía Abierta,http://energiaabierta.cl/electricidad/,Energía Abierta,,2016,,,,,,
CHL,Chile,ANGOL (LOS SAUCES),CHL0000134,1.5,-37.9658,-72.8269,Oil,,,,,SAGESA,Energía Abierta,http://energiaabierta.cl/electricidad/,Energía Abierta,,2016,,,,,,
CHL,Chile,ANGOSTURA,CHL0001005,324.0,-37.7103,-71.8169,Hydro,,,,,COLBUN S.A.,Energía Abierta,http://energiaabierta.cl/electricidad/,Energía Abierta,,2016,,,,,,
CHL,Chile,ANTILHUE,CHL0000092,101.3,-39.8009,-73.1852,Oil,,,,,COLBUN S.A.,Energía Abierta,http://energiaabierta.cl/electricidad/,Energía Abierta,,2016,,,,,,
CHL,Chile,ANTUCO,CHL0001006,320.0,-37.3103,-71.6264,Hydro,,,,,ENDESA,Energía Abierta,http://energiaabierta.cl/electricidad/,Energía Abierta,,2016,,,,,,
CHL,Chile,ATACAMA (CC1-CC2),CHL0000002,767.8,-23.0898,-70.4168,Gas,,,,,GASATACAMA,Energía Abierta,http://energiaabierta.cl/electricidad/,Energía Abierta,,2016,,,,,,
CHL,Chile,AUXILIAR DEL MAIPO (CAEMSA),CHL0001007,5.0,-33.6427,-70.6331,Hydro,,,,,CARBOMET ENERGIA S.A.,Energía Abierta,http://energiaabierta.cl/electricidad/,Energía Abierta,,2016,,,,,,
CHL,Chile,AYSEN,CHL0001008,7.0,,,Hydro,,,,,EDELAYSEN,Energía Abierta,http://energiaabierta.cl/electricidad/,Energía Abierta,,2016,,,,,,
CHL,Chile,AYSEN TERMICO,CHL0000022,1.2,,,Oil,,,,,EDELAYSEN,Energía Abierta,http://energiaabierta.cl/electricidad/,Energía Abierta,,2016,,,,,,
CHL,Chile,Aguas Andinas,CHL0003027,8.23,,,Biomass,,,,,AGUAS ANDINAS,Energía Abierta,http://energiaabierta.cl/electricidad/,Energía Abierta,,2016,,,,,,
CHL,Chile,Arauco,CHL0003002,24.0,-37.2092,-73.2222,Biomass,,,,,ARAUCO BIOENERGIA S.A.,Energía Abierta,http://energiaabierta.cl/electricidad/,Energía Abierta,,2016,,,,,,
CHL,Chile,Arauco - Constitucion,CHL0003029,22.0,,,Biomass,,,,,ARAUCO BIOENERGIA S.A.,Energía Abierta,http://energiaabierta.cl/electricidad/,Energía Abierta,,2016,,,,,,
CHL,Chile,Arauco Bioenergia - Mariquina,CHL0003028,61.0,,,Biomass,,,,,ARAUCO BIOENERGIA S.A.,Energía Abierta,http://energiaabierta.cl/electricidad/,Energía Abierta,,2016,,,,,,
CHL,Chile,BIO CRUZ,CHL0000107,2.8,-32.8489,-71.2267,Gas,Oil,,,,BIO CRUZ GENERACION,Energía Abierta,http://energiaabierta.cl/electricidad/,Energía Abierta,,2016,,,,,,
CHL,Chile,BIOMAR,CHL0000081,2.4,-41.7820,-73.4319,Oil,,,,,SAGESA,Energía Abierta,http://energiaabierta.cl/electricidad/,Energía Abierta,,2016,,,,,,
CHL,Chile,BLANCO,CHL0001009,53.0,-32.9170,-70.3289,Hydro,,,,,COLBUN S.A.,Energía Abierta,http://energiaabierta.cl/electricidad/,Energía Abierta,,2016,,,,,,
CHL,Chile,BOCAMINA (I-II),CHL0000057,478.0,-37.0215,-73.1673,Coal,,,,,ENDESA,Energía Abierta,http://energiaabierta.cl/electricidad/,Energía Abierta,,2016,,,,,,
CHL,Chile,BOQUIAMARGO,CHL0001010,1.0,-37.8676,-71.6138,Hydro,,,,,ELECTRICA SAN MIGUEL,Energía Abierta,http://energiaabierta.cl/electricidad/,Energía Abierta,,2016,,,,,,
CHL,Chile,BUREO,CHL0001011,2.0,,,Hydro,,,,,PMGD BIO BIO NEGRETE S.A.,Energía Abierta,http://energiaabierta.cl/electricidad/,Energía Abierta,,2016,,,,,,
CHL,Chile,CABO NEGRO  FASE I,CHL0002002,2.3,,,Wind,,,,,METHANEX CHILE S.A.,Energía Abierta,http://energiaabierta.cl/electricidad/,Energía Abierta,,2016,,,,,,
CHL,Chile,CALLAO,CHL0001012,3.0,-40.8878,-72.3382,Hydro,,,,,HIDROCALLAO S.A.,Energía Abierta,http://energiaabierta.cl/electricidad/,Energía Abierta,,2016,,,,,,
CHL,Chile,CALLE CALLE,CHL0000093,13.0,-39.7999,-73.1891,Oil,,,,,SAGESA,Energía Abierta,http://energiaabierta.cl/electricidad/,Energía Abierta,,2016,,,,,,
CHL,Chile,CAMPICHE,CHL0000108,248.9888,-32.7483,-71.4833,Coal,,,,,EMPRESA ELECTRICA CAMPICHE S.A.,Energía Abierta,http://energiaabierta.cl/electricidad/,Energía Abierta,,2016,,,,,,
CHL,Chile,CANDELARIA,CHL0000104,253.9,-34.0339,-70.6138,Gas,,,,,COLBUN S.A.,Energía Abierta,http://energiaabierta.cl/electricidad/,Energía Abierta,,2016,,,,,,
CHL,Chile,CANELA,CHL0002003,18.15,-31.2883,-71.6023,Wind,,,,,ENDESAECO S.A.,Energía Abierta,http://energiaabierta.cl/electricidad/,Energía Abierta,,2016,,,,,,
CHL,Chile,CANELA II,CHL0002004,60.0,-31.3136,-71.6011,Wind,,,,,ENDESAECO S.A.,Energía Abierta,http://energiaabierta.cl/electricidad/,Energía Abierta,,2016,,,,,,
CHL,Chile,CANETE,CHL0000058,4.0,-37.7308,-73.3828,Oil,,,,,SAGESA,Energía Abierta,http://energiaabierta.cl/electricidad/,Energía Abierta,,2016,,,,,,
CHL,Chile,CANUTILLAR,CHL0001013,172.0,-41.5281,-72.3417,Hydro,,,,,COLBUN S.A.,Energía Abierta,http://energiaabierta.cl/electricidad/,Energía Abierta,,2016,,,,,,
CHL,Chile,CAPULLO,CHL0001014,12.0,-40.8192,-72.3999,Hydro,,,,,EMPRESA ELECTRICA CAPULLO S.A.,Energía Abierta,http://energiaabierta.cl/electricidad/,Energía Abierta,,2016,,,,,,
CHL,Chile,CARDONES,CHL0000048,152.2748,-27.4876,-70.3864,Oil,,,,,IC POWER,Energía Abierta,http://energiaabierta.cl/electricidad/,Energía Abierta,,2016,,,,,,
CHL,Chile,CARENA,CHL0001015,10.0,-33.5286,-70.9528,Hydro,,,,,EMPRESA ELECTRICA INDUSTRIAL S.A.,Energía Abierta,http://energiaabierta.cl/electricidad/,Energía Abierta,,2016,,,,,,
CHL,Chile,CASABLANCA,CHL0000109,2.5,-33.3263,-71.3923,Oil,,,,,TECNORED,Energía Abierta,http://energiaabierta.cl/electricidad/,Energía Abierta,,2016,,,,,,
CHL,Chile,CAVANCHA,CHL0001016,3.0,,,Hydro,,,,,CAVANCHA S.A.,Energía Abierta,http://energiaabierta.cl/electricidad/,Energía Abierta,,2016,,,,,,
CHL,Chile,CBB-CENTRO,CHL0000095,13.532,-34.8666,-71.1432,Oil,,,,,EQUIPOS GENERACION S.A.,Energía Abierta,http://energiaabierta.cl/electricidad/,Energía Abierta,,2016,,,,,,
CHL,Chile,CENIZAS,CHL0000049,13.9,-27.4809,-70.3897,Oil,,,,,ELECTRICA CENIZAS S.A.,Energía Abierta,http://energiaabierta.cl/electricidad/,Energía Abierta,,2016,,,,,,
CHL,Chile,CENTRAL TERMOELECTRICA ANDINA (CTA),CHL0000003,152.6,,,Coal,,,,,ANDINA,Energía Abierta,http://energiaabierta.cl/electricidad/,Energía Abierta,,2016,,,,,,
CHL,Chile,CHACABUCO,CHL0000024,9.3,,,Oil,,,,,EDELAYSEN,Energía Abierta,http://energiaabierta.cl/electricidad/,Energía Abierta,,2016,,,,,,
CHL,Chile,CHACABUQUITO,CHL0001017,26.0,-32.8535,-70.5061,Hydro,,,,,COLBUN S.A.,Energía Abierta,http://energiaabierta.cl/electricidad/,Energía Abierta,,2016,,,,,,
CHL,Chile,CHACAYES,CHL0001018,112.0,-34.2756,-70.4523,Hydro,,,,,PACIFICHYDRO,Energía Abierta,http://energiaabierta.cl/electricidad/,Energía Abierta,,2016,,,,,,
CHL,Chile,CHANARES,CHL0004001,36.0,-26.3748,-70.0657,Solar,,,,,,Energía Abierta,http://energiaabierta.cl/electricidad/,Energía Abierta,,2016,,,,,,
CHL,Chile,CHAPIQUINA,CHL0001019,10.0,-18.3695,-69.5469,Hydro,,,,,E-CL S.A.,Energía Abierta,http://energiaabierta.cl/electricidad/,Energía Abierta,,2016,,,,,,
CHL,Chile,CHIBURGO,CHL0001020,19.0,-35.6615,-71.3551,Hydro,,,,,COLBUN S.A.,Energía Abierta,http://energiaabierta.cl/electricidad/,Energía Abierta,,2016,,,,,,
CHL,Chile,CHILE CHICO,CHL0000027,2.1,,,Oil,,,,,EDELAYSEN,Energía Abierta,http://energiaabierta.cl/electricidad/,Energía Abierta,,2016,,,,,,
CHL,Chile,CHILOE,CHL0000082,9.0,-43.0914,-73.6155,Oil,,,,,ELEKTRAGEN,Energía Abierta,http://energiaabierta.cl/electricidad/,Energía Abierta,,2016,,,,,,
CHL,Chile,CHUFKEN (TRAIGUEN),CHL0000043,1.6,-38.2624,-72.6165,Oil,,,,,SAGESA,Energía Abierta,http://energiaabierta.cl/electricidad/,Energía Abierta,,2016,,,,,,
CHL,Chile,CHUYACA,CHL0000083,11.3,-40.5786,-73.0884,Oil,,,,,SAGESA,Energía Abierta,http://energiaabierta.cl/electricidad/,Energía Abierta,,2016,,,,,,
CHL,Chile,CIPRESES,CHL0001021,106.0,-35.7872,-70.8084,Hydro,,,,,ENDESA,Energía Abierta,http://energiaabierta.cl/electricidad/,Energía Abierta,,2016,,,,,,
CHL,Chile,CMPC CORDILLERA,CHL0000130,24.74,,,Oil,Gas,,,,PAPELES CORDILLERA S.A.,Energía Abierta,http://energiaabierta.cl/electricidad/,Energía Abierta,,2016,,,,,,
CHL,Chile,CMPC Pacífico,CHL0003006,33.0,-37.7917,-72.4842,Biomass,,,,,CMPC CELULOSA S.A.,Energía Abierta,http://energiaabierta.cl/electricidad/,Energía Abierta,,2016,,,,,,
CHL,Chile,CMPC Santa Fe,CHL0003007,5.0,-37.5151,-72.6565,Biomass,,,,,CMPC CELULOSA S.A.,Energía Abierta,http://energiaabierta.cl/electricidad/,Energía Abierta,,2016,,,,,,
CHL,Chile,CMPC_Laja,CHL0003005,25.0,-37.2895,-72.7114,Biomass,,,,,CMPC CELULOSA S.A.,Energía Abierta,http://energiaabierta.cl/electricidad/,Energía Abierta,,2016,,,,,,
CHL,Chile,COCHAMO,CHL0000038,2.4,,,Oil,,,,,SAGESA,Energía Abierta,http://energiaabierta.cl/electricidad/,Energía Abierta,,2016,,,,,,
CHL,Chile,COLBUN,CHL0001022,474.0,-35.6853,-71.3699,Hydro,,,,,COLBUN S.A.,Energía Abierta,http://energiaabierta.cl/electricidad/,Energía Abierta,,2016,,,,,,
CHL,Chile,COLIHUES,CHL0000105,21.2,-34.2425,-70.6744,Oil,,,,,MVC GENERACION,Energía Abierta,http://energiaabierta.cl/electricidad/,Energía Abierta,,2016,,,,,,
CHL,Chile,COLLIL,CHL0001023,7.0,-42.5976,-73.9580,Hydro,,,,,ENERGIA COLLIL S.A.,Energía Abierta,http://energiaabierta.cl/electricidad/,Energía Abierta,,2016,,,,,,
CHL,Chile,COLMITO,CHL0000110,57.71,-32.9304,-71.4740,Oil,,,,,TERMOELECTRICA COLMITO,Energía Abierta,http://energiaabierta.cl/electricidad/,Energía Abierta,,2016,,,,,,
CHL,Chile,CONCON,CHL0000111,2.3,-32.9331,-71.4742,Oil,,,,,TECNORED,Energía Abierta,http://energiaabierta.cl/electricidad/,Energía Abierta,,2016,,,,,,
CHL,Chile,CONSTITUCION,CHL0000096,9.0,-35.3604,-72.4069,Oil,,,,,ELEKTRAGEN,Energía Abierta,http://energiaabierta.cl/electricidad/,Energía Abierta,,2016,,,,,,
CHL,Chile,CONTRA,CHL0001024,0.0,-40.2975,-72.8333,Hydro,,,,,EMPRESA ELECTRICA CONTRA S.P.A.,Energía Abierta,http://energiaabierta.cl/electricidad/,Energía Abierta,,2016,,,,,,
CHL,Chile,CONTULMO,CHL0000059,0.8,-38.0341,-73.2233,Oil,,,,,SAGESA,Energía Abierta,http://energiaabierta.cl/electricidad/,Energía Abierta,,2016,,,,,,
CHL,Chile,CORONEL,CHL0000060,46.81,-36.9676,-73.1686,Gas,,,,,SAGESA,Energía Abierta,http://energiaabierta.cl/electricidad/,Energía Abierta,,2016,,,,,,
CHL,Chile,COYA,CHL0001025,12.0,-34.2049,-70.5257,Hydro,,,,,PACIFIC HYDRO,Energía Abierta,http://energiaabierta.cl/electricidad/,Energía Abierta,,2016,,,,,,
CHL,Chile,CUCHILDEO,CHL0001026,1.0,,,Hydro,,,,,EPA S.A.,Energía Abierta,http://energiaabierta.cl/electricidad/,Energía Abierta,,2016,,,,,,
CHL,Chile,CURACAUTIN,CHL0000044,2.4,-38.4528,-71.8194,Oil,,,,,SAGESA,Energía Abierta,http://energiaabierta.cl/electricidad/,Energía Abierta,,2016,,,,,,
CHL,Chile,CURAUMA,CHL0000112,2.5,-33.1291,-71.5570,Oil,,,,,TECNORED,Energía Abierta,http://energiaabierta.cl/electricidad/,Energía Abierta,,2016,,,,,,
CHL,Chile,CURILEUFU,CHL0001027,0.0,-40.3915,-72.5399,Hydro,,,,,SOC. AGRICOLA Y GANADERA CURILEUFU LTDA.,Energía Abierta,http://energiaabierta.cl/electricidad/,Energía Abierta,,2016,,,,,,
CHL,Chile,CURILLINQUE,CHL0001028,92.0,-35.8051,-70.9411,Hydro,,,,,EMPRESA ELECTRICA PEHUENCHE S.A.,Energía Abierta,http://energiaabierta.cl/electricidad/,Energía Abierta,,2016,,,,,,
CHL,Chile,Celco,CHL0003003,8.0,-35.3262,-72.4163,Biomass,,,,,ARAUCO BIOENERGIA S.A.,Energía Abierta,http://energiaabierta.cl/electricidad/,Energía Abierta,,2016,,,,,,
CHL,Chile,Cholguín,CHL0003004,13.0,-37.1649,-72.0674,Biomass,,,,,PANELES ARAUCO S.A.,Energía Abierta,http://energiaabierta.cl/electricidad/,Energía Abierta,,2016,,,,,,
CHL,Chile,Coelemu,CHL0003008,7.1,-36.5108,-72.7369,Biomass,,,,,ENERGIA LEON S.A.,Energía Abierta,http://energiaabierta.cl/electricidad/,Energía Abierta,,2016,,,,,,
CHL,Chile,DANISCO,CHL0000084,0.8,-41.7821,-73.4463,Oil,,,,,SAGESA,Energía Abierta,http://energiaabierta.cl/electricidad/,Energía Abierta,,2016,,,,,,
CHL,Chile,DEGAN,CHL0000085,36.0,-42.1482,-73.7155,Oil,,,,,GENERACION DE ENERGIA NUEVA DEGAN S.A.,Energía Abierta,http://energiaabierta.cl/electricidad/,Energía Abierta,,2016,,,,,,
CHL,Chile,DIEGO DE ALMAGRO (U1-U2),CHL0000050,46.8,-26.3984,-70.0387,Oil,,,,,ENDESA,Energía Abierta,http://energiaabierta.cl/electricidad/,Energía Abierta,,2016,,,,,,
CHL,Chile,DIESEL ARICA(GMAR_M1AR),CHL0000020,14.2,-18.5287,-70.2989,Oil,,,,,E-CL,Energía Abierta,http://energiaabierta.cl/electricidad/,Energía Abierta,,2016,,,,,,
CHL,Chile,DIESEL ENAEX (CUMMINS-DEUTZ),CHL0000004,2.7,-23.0970,-70.4319,Oil,,,,,ENAEX,Energía Abierta,http://energiaabierta.cl/electricidad/,Energía Abierta,,2016,,,,,,
CHL,Chile,DIESEL IQUIQUE(MSIQ_TGIQ),CHL0000019,43.0,-20.2580,-70.1273,Coal,Oil,,,,E-CL,Energía Abierta,http://energiaabierta.cl/electricidad/,Energía Abierta,,2016,,,,,,
CHL,Chile,DIESEL TAMAYA (SUTA),CHL0000005,99.0,-22.1591,-70.0894,Oil,,,,,E-CL,Energía Abierta,http://energiaabierta.cl/electricidad/,Energía Abierta,,2016,,,,,,
CHL,Chile,DIESEL ZOFRI (ZOFRI 1-6_ZOFRI 1-5),CHL0000006,6.06,-20.2062,-70.1294,Oil,,,,,ENORCHILE,Energía Abierta,http://energiaabierta.cl/electricidad/,Energía Abierta,,2016,,,,,,
CHL,Chile,DON WALTERIO,CHL0001029,3.0,-40.5568,-72.5159,Hydro,,,,,GENERADORA ELECTRICA RHOM LTDA.,Energía Abierta,http://energiaabierta.cl/electricidad/,Energía Abierta,,2016,,,,,,
CHL,Chile,DONA HILDA,CHL0001030,0.0,-40.3329,-72.0059,Hydro,,,,,FORESTAL Y GANADERA CARRAN LTDA,Energía Abierta,http://energiaabierta.cl/electricidad/,Energía Abierta,,2016,,,,,,
CHL,Chile,DONGO,CHL0001031,6.0,-42.5678,-73.8945,Hydro,,,,,HIDROELECTRICA DONGO SPA,Energía Abierta,http://energiaabierta.cl/electricidad/,Energía Abierta,,2016,,,,,,
CHL,Chile,DONGUIL,CHL0001032,0.0,-39.1201,-72.6743,Hydro,,,,,DONGUIL ENERGIA,Energía Abierta,http://energiaabierta.cl/electricidad/,Energía Abierta,,2016,,,,,,
CHL,Chile,EAGON,CHL0000045,2.4,-38.5377,-72.4608,Oil,,,,,SAGESA,Energía Abierta,http://energiaabierta.cl/electricidad/,Energía Abierta,,2016,,,,,,
CHL,Chile,EL ARRAYAN,CHL0002005,115.0,-30.5793,-71.6981,Wind,,,,,PARQUE EOLICO EL ARRAYAN SPA,Energía Abierta,http://energiaabierta.cl/electricidad/,Energía Abierta,,2016,,,,,,
CHL,Chile,EL ARRAYAN,CHL0001033,0.0,-40.5981,-72.4647,Hydro,,,,,ENERGIA RENOVABLE ARRAYAN LTDA,Energía Abierta,http://energiaabierta.cl/electricidad/,Energía Abierta,,2016,,,,,,
CHL,Chile,EL CANELO,CHL0001034,6.0,-33.6031,-70.3597,Hydro,,,,,HIDROCANELO,Energía Abierta,http://energiaabierta.cl/electricidad/,Energía Abierta,,2016,,,,,,
CHL,Chile,EL DIUTO,CHL0001035,3.0,-37.4229,-72.0818,Hydro,,,,,HIDROELECTRICA DIUTO,Energía Abierta,http://energiaabierta.cl/electricidad/,Energía Abierta,,2016,,,,,,
CHL,Chile,EL LLANO,CHL0001036,2.0,-33.6212,-70.5351,Hydro,,,,,ELECTRICA PUNTILLA S.A.,Energía Abierta,http://energiaabierta.cl/electricidad/,Energía Abierta,,2016,,,,,,
CHL,Chile,EL MANZANO,CHL0001037,5.0,-38.8392,-71.7633,Hydro,,,,,HIDROELECTRICA EL MANZANO S.A.,Energía Abierta,http://energiaabierta.cl/electricidad/,Energía Abierta,,2016,,,,,,
CHL,Chile,EL MIRADOR,CHL0001038,3.0,,,Hydro,,,,,HIDROELECTRICA EL MIRADOR S.A.,Energía Abierta,http://energiaabierta.cl/electricidad/,Energía Abierta,,2016,,,,,,
CHL,Chile,EL PENON,CHL0000075,80.838,-30.1418,-71.2296,Oil,,,,,ENLASA,Energía Abierta,http://energiaabierta.cl/electricidad/,Energía Abierta,,2016,,,,,,
CHL,Chile,EL RINCON (RM),CHL0001039,0.0,-33.5480,-70.5430,Hydro,,,,,ASOC. DE CANAL. SOCIEDAD CANALISTAS DEL MAIPO,Energía Abierta,http://energiaabierta.cl/electricidad/,Energía Abierta,,2016,,,,,,
CHL,Chile,EL SALVADOR,CHL0000051,23.6691,-26.3923,-70.0396,Oil,,,,,SWC,Energía Abierta,http://energiaabierta.cl/electricidad/,Energía Abierta,,2016,,,,,,
CHL,Chile,EL TARTARO,CHL0001040,0.0,-32.5685,-70.6988,Hydro,,,,,WENKE Y CIA. LTDA.,Energía Abierta,http://energiaabierta.cl/electricidad/,Energía Abierta,,2016,,,,,,
CHL,Chile,EL TOQUI,CHL0002006,1.4,,,Wind,,,,,EMPRESA ELECTRICA DE AYSEN S.A.,Energía Abierta,http://energiaabierta.cl/electricidad/,Energía Abierta,,2016,,,,,,
CHL,Chile,EL TORO,CHL0001041,450.0,-37.2934,-71.4924,Hydro,,,,,ENDESA,Energía Abierta,http://energiaabierta.cl/electricidad/,Energía Abierta,,2016,,,,,,
CHL,Chile,EL TORO 2,CHL0001042,1.0,,,Hydro,,,,,ENERNUEVAS S.A.,Energía Abierta,http://energiaabierta.cl/electricidad/,Energía Abierta,,2016,,,,,,
CHL,Chile,EL TOTORAL,CHL0000113,3.0,-33.4274,-71.6369,Oil,,,,,TECNORED,Energía Abierta,http://energiaabierta.cl/electricidad/,Energía Abierta,,2016,,,,,,
CHL,Chile,EL TRARO,CHL0000026,0.64,,,Oil,,,,,EDELAYSEN,Energía Abierta,http://energiaabierta.cl/electricidad/,Energía Abierta,,2016,,,,,,
CHL,Chile,EL TRARO,CHL0001043,1.0,,,Hydro,,,,,EDELAYSEN,Energía Abierta,http://energiaabierta.cl/electricidad/,Energía Abierta,,2016,,,,,,
CHL,Chile,EMELDA,CHL0000052,68.7,-26.3803,-70.0222,Oil,,,,,EMELDA S.A.,Energía Abierta,http://energiaabierta.cl/electricidad/,Energía Abierta,,2016,,,,,,
CHL,Chile,ENSENADA RIO BLANCO,CHL0001044,1.0,-41.2719,-72.5408,Hydro,,,,,HIDROELECTRICA ENSENADA S.A.,Energía Abierta,http://energiaabierta.cl/electricidad/,Energía Abierta,,2016,,,,,,
CHL,Chile,EOLICA CUEL,CHL0002007,33.0,-37.5107,-72.4937,Wind,,,,,AELA EOLICA NEGRETE SPA,Energía Abierta,http://energiaabierta.cl/electricidad/,Energía Abierta,,2016,,,,,,
CHL,Chile,EOLICA SAN PEDRO,CHL0002008,36.0,-42.2704,-73.9401,Wind,,,,,BOSQUES DE CHILOE S.A.,Energía Abierta,http://energiaabierta.cl/electricidad/,Energía Abierta,,2016,,,,,,
CHL,Chile,ESPERANZA,CHL0004002,2.88,,,Solar,,,,,,Energía Abierta,http://energiaabierta.cl/electricidad/,Energía Abierta,,2016,,,,,,
CHL,Chile,ESPERANZA 1 2 Y 3,CHL0000131,22.2,-34.2421,-70.6741,Oil,,,,,ENORCHILE S.A.,Energía Abierta,http://energiaabierta.cl/electricidad/,Energía Abierta,,2016,,,,,,
CHL,Chile,ESTANCILLA,CHL0000101,3.0,-33.6598,-70.7125,Oil,,,,,GENERADORA ESTANCILLA SPA,Energía Abierta,http://energiaabierta.cl/electricidad/,Energía Abierta,,2016,,,,,,
CHL,Chile,ESTANDARTES (ZOFRI_7-12_ZOFRI 13),CHL0000007,6.4,-20.2065,-70.1293,Oil,,,,,ENORCHILE,Energía Abierta,http://energiaabierta.cl/electricidad/,Energía Abierta,,2016,,,,,,
CHL,Chile,EYZAGUIRRE,CHL0001045,2.0,-33.6079,-70.5106,Hydro,,,,,ASOC. DE CANAL. SOCIEDAD CANALISTAS DEL MAIPO,Energía Abierta,http://energiaabierta.cl/electricidad/,Energía Abierta,,2016,,,,,,
CHL,Chile,Energía BíoBío,CHL0003009,7.2,-36.8348,-73.0961,Biomass,,,,,ENERGIA BIOBIO LTDA.,Energía Abierta,http://energiaabierta.cl/electricidad/,Energía Abierta,,2016,,,,,,
CHL,Chile,Energía Pacífico,CHL0003010,15.6,-33.9817,-70.6976,Biomass,,,,,ENERGIA PACIFICO S.A.,Energía Abierta,http://energiaabierta.cl/electricidad/,Energía Abierta,,2016,,,,,,
CHL,Chile,Escuadrín,CHL0003011,14.0,-36.9350,-73.1556,Biomass,,,,,ELECTRICA NUEVA ENERGIA S.A.,Energía Abierta,http://energiaabierta.cl/electricidad/,Energía Abierta,,2016,,,,,,
CHL,Chile,FLORIDA,CHL0001046,28.0,-33.5476,-70.5454,Hydro,,,,,ASOC. DE CANAL. SOCIEDAD CANALISTAS DEL MAIPO,Energía Abierta,http://energiaabierta.cl/electricidad/,Energía Abierta,,2016,,,,,,
CHL,Chile,FUTALEUFU,CHL0000029,0.48,,,Oil,,,,,EDELAYSEN,Energía Abierta,http://energiaabierta.cl/electricidad/,Energía Abierta,,2016,,,,,,
CHL,Chile,GUACOLDA,CHL0000053,760.0,-28.4673,-71.2573,Coal,Petcoke,,,,AES GENER S.A.,Energía Abierta,http://energiaabierta.cl/electricidad/,Energía Abierta,,2016,,,,,,
CHL,Chile,GUAYACAN,CHL0001047,12.0,-33.6027,-70.3597,Hydro,,,,,ENERGIA COYANCO S.A.,Energía Abierta,http://energiaabierta.cl/electricidad/,Energía Abierta,,2016,,,,,,
CHL,Chile,HBS,CHL0003012,2.2,-37.2864,-72.3510,Biomass,,,,,HBS ENERGIA S.A.,Energía Abierta,http://energiaabierta.cl/electricidad/,Energía Abierta,,2016,,,,,,
CHL,Chile,HIDROBONITO MC1,CHL0001048,9.0,-40.9178,-72.4036,Hydro,,,,,HIDROBONITO S.A.,Energía Abierta,http://energiaabierta.cl/electricidad/,Energía Abierta,,2016,,,,,,
CHL,Chile,HIDROBONITO MC2,CHL0001049,3.0,-40.9178,-72.4036,Hydro,,,,,HIDROBONITO S.A.,Energía Abierta,http://energiaabierta.cl/electricidad/,Energía Abierta,,2016,,,,,,
CHL,Chile,HORCONES TG,CHL0000061,24.3,-37.2118,-73.2167,Oil,,,,,ARAUCO BIOENERGIA,Energía Abierta,http://energiaabierta.cl/electricidad/,Energía Abierta,,2016,,,,,,
CHL,Chile,HORNITOS,CHL0001050,61.0,,,Hydro,,,,,RIO TRANQUILO S.A.,Energía Abierta,http://energiaabierta.cl/electricidad/,Energía Abierta,,2016,,,,,,
CHL,Chile,HORNOPIREN,CHL0000039,3.0,,,Oil,,,,,SAGESA,Energía Abierta,http://energiaabierta.cl/electricidad/,Energía Abierta,,2016,,,,,,
CHL,Chile,HUAJACHE,CHL0002009,6.0,,,Wind,,,,,PROYECTO HUAJACHE SPA,Energía Abierta,http://energiaabierta.cl/electricidad/,Energía Abierta,,2016,,,,,,
CHL,Chile,HUASCO,CHL0000054,57.7,-28.4707,-71.2526,Oil,,,,,EMPRESA NACIONAL DE ELECTRICIDAD S.A.,Energía Abierta,http://energiaabierta.cl/electricidad/,Energía Abierta,,2016,,,,,,
CHL,Chile,INACAL,CHL0000008,6.6,-23.7819,-70.3202,Oil,,,,,EQUIPOS DE GENERACION S.A.,Energía Abierta,http://energiaabierta.cl/electricidad/,Energía Abierta,,2016,,,,,,
CHL,Chile,ISLA,CHL0001051,70.0,-35.8104,-70.8357,Hydro,,,,,ENDESA,Energía Abierta,http://energiaabierta.cl/electricidad/,Energía Abierta,,2016,,,,,,
CHL,Chile,JCE,CHL0000062,0.8,-37.5332,-72.2228,Oil,,,,,SAGESA,Energía Abierta,http://energiaabierta.cl/electricidad/,Energía Abierta,,2016,,,,,,
CHL,Chile,JUNCAL,CHL0001052,29.0,-32.9011,-70.2697,Hydro,,,,,COLBUN S.A.,Energía Abierta,http://energiaabierta.cl/electricidad/,Energía Abierta,,2016,,,,,,
CHL,Chile,JUNCALITO,CHL0001053,1.0,-32.9011,-70.2697,Hydro,,,,,COLBUN S.A.,Energía Abierta,http://energiaabierta.cl/electricidad/,Energía Abierta,,2016,,,,,,
CHL,Chile,LA ARENA,CHL0001054,7.0,-41.6813,-72.6455,Hydro,,,,,EMPRESA ELECTRICA LA ARENA SPA,Energía Abierta,http://energiaabierta.cl/electricidad/,Energía Abierta,,2016,,,,,,
CHL,Chile,LA CONFLUENCIA,CHL0001055,163.0,-34.8335,-70.5537,Hydro,,,,,HIDROELECTRICA LA CONFLUENCIA S.A.,Energía Abierta,http://energiaabierta.cl/electricidad/,Energía Abierta,,2016,,,,,,
CHL,Chile,LA HIGUERA,CHL0001056,155.0,-34.7515,-70.7143,Hydro,,,,,HIDROELECTRICA LA HIGUERA S.A.,Energía Abierta,http://energiaabierta.cl/electricidad/,Energía Abierta,,2016,,,,,,
CHL,Chile,LA JUNTA,CHL0000032,0.29,,,Oil,,,,,EDELAYSEN,Energía Abierta,http://energiaabierta.cl/electricidad/,Energía Abierta,,2016,,,,,,
CHL,Chile,LA PALOMA,CHL0001057,5.0,-30.7004,-71.0373,Hydro,,,,,HIDROPALOMA S.A.,Energía Abierta,http://energiaabierta.cl/electricidad/,Energía Abierta,,2016,,,,,,
CHL,Chile,LA PORTADA (TECNEC 1_6),CHL0000009,3.0,,,Oil,,,,,TECNET,Energía Abierta,http://energiaabierta.cl/electricidad/,Energía Abierta,,2016,,,,,,
CHL,Chile,LAGO ATRAVESADO,CHL0001058,11.0,,,Hydro,,,,,EDELAYSEN,Energía Abierta,http://energiaabierta.cl/electricidad/,Energía Abierta,,2016,,,,,,
CHL,Chile,LAGO VERDE,CHL0000030,0.15,,,Oil,,,,,EDELAYSEN,Energía Abierta,http://energiaabierta.cl/electricidad/,Energía Abierta,,2016,,,,,,
CHL,Chile,LAGUNA VERDE (U1  U2  TG),CHL0000114,65.0,-33.1032,-71.6772,Oil,,,,,AES GENER S.A.,Energía Abierta,http://energiaabierta.cl/electricidad/,Energía Abierta,,2016,,,,,,
CHL,Chile,LAJA 1,CHL0001059,34.0,-37.2441,-72.5302,Hydro,,,,,EOLICA MONTE REDONDO S.A.,Energía Abierta,http://energiaabierta.cl/electricidad/,Energía Abierta,,2016,,,,,,
CHL,Chile,LALACKAMA,CHL0004003,71.5,-25.1208,-70.3110,Solar,,,,,,Energía Abierta,http://energiaabierta.cl/electricidad/,Energía Abierta,,2016,,,,,,
CHL,Chile,LAS FLORES,CHL0001060,2.0,-40.1363,-72.3961,Hydro,,,,,HIDROELECTRICA LAS FLORES S.A.,Energía Abierta,http://energiaabierta.cl/electricidad/,Energía Abierta,,2016,,,,,,
CHL,Chile,LAS VEGAS,CHL0000115,2.09895,-32.8428,-71.0115,Oil,,,,,TECNORED,Energía Abierta,http://energiaabierta.cl/electricidad/,Energía Abierta,,2016,,,,,,
CHL,Chile,LAS VERTIENTES,CHL0001061,2.0,-33.5927,-70.4696,Hydro,,,,,ELECTRICA PUNTILLA S.A.,Energía Abierta,http://energiaabierta.cl/electricidad/,Energía Abierta,,2016,,,,,,
CHL,Chile,LEBU,CHL0000063,2.4,-37.6154,-73.6694,Oil,,,,,SAGESA,Energía Abierta,http://energiaabierta.cl/electricidad/,Energía Abierta,,2016,,,,,,
CHL,Chile,LEBU,CHL0002010,6.54,-37.6861,-73.6491,Wind,,,,,PARQUE EOLICO LEBU-TORO SPA,Energía Abierta,http://energiaabierta.cl/electricidad/,Energía Abierta,,2016,,,,,,
CHL,Chile,LICAN,CHL0001062,18.0,-40.6180,-72.4014,Hydro,,,,,EMPRESA ELECTRICA LICAN S.A.,Energía Abierta,http://energiaabierta.cl/electricidad/,Energía Abierta,,2016,,,,,,
CHL,Chile,LINARES NORTE,CHL0000097,0.5,-35.8267,-71.6440,Oil,,,,,TECNORED,Energía Abierta,http://energiaabierta.cl/electricidad/,Energía Abierta,,2016,,,,,,
CHL,Chile,LIRCAY,CHL0001063,19.0,-35.5373,-71.2614,Hydro,,,,,HIDROMAULE S.A.,Energía Abierta,http://energiaabierta.cl/electricidad/,Energía Abierta,,2016,,,,,,
CHL,Chile,LLANO DE LLAMPOS,CHL0004004,101.02,-27.1175,-70.1711,Solar,,,,,,Energía Abierta,http://energiaabierta.cl/electricidad/,Energía Abierta,,2016,,,,,,
CHL,Chile,LLEUQUEREO,CHL0001064,2.0,-37.5667,-71.5241,Hydro,,,,,HIDROELECTRICA LLEUQUEREO S.A.,Energía Abierta,http://energiaabierta.cl/electricidad/,Energía Abierta,,2016,,,,,,
CHL,Chile,LOMA ALTA,CHL0001065,40.0,-35.7909,-70.9822,Hydro,,,,,EMPRESA ELECTRICA PEHUENCHE S.A.,Energía Abierta,http://energiaabierta.cl/electricidad/,Energía Abierta,,2016,,,,,,
CHL,Chile,LONQUIMAY,CHL0000046,1.2,-38.5528,-71.4293,Oil,,,,,SAGESA,Energía Abierta,http://energiaabierta.cl/electricidad/,Energía Abierta,,2016,,,,,,
CHL,Chile,LOS ALAMOS,CHL0000064,0.8,-37.6257,-73.4180,Oil,,,,,SAGESA,Energía Abierta,http://energiaabierta.cl/electricidad/,Energía Abierta,,2016,,,,,,
CHL,Chile,LOS BAJOS,CHL0001066,6.0,-33.6352,-70.5947,Hydro,,,,,CARBOMET ENERGIA S.A.,Energía Abierta,http://energiaabierta.cl/electricidad/,Energía Abierta,,2016,,,,,,
CHL,Chile,LOS COLONOS,CHL0001067,1.0,-40.9849,-72.8861,Hydro,,,,,EMPRESA ELECTRICA RIO PUMA SPA.,Energía Abierta,http://energiaabierta.cl/electricidad/,Energía Abierta,,2016,,,,,,
CHL,Chile,LOS CORRALES,CHL0001068,1.0,-40.6472,-72.3148,Hydro,,,,,AGRICOLA ALEJANDRO PONCE,Energía Abierta,http://energiaabierta.cl/electricidad/,Energía Abierta,,2016,,,,,,
CHL,Chile,LOS CORRALES 2,CHL0001069,1.0,-40.6412,-72.3144,Hydro,,,,,AGRICOLA ALEJANDRO PONCE,Energía Abierta,http://energiaabierta.cl/electricidad/,Energía Abierta,,2016,,,,,,
CHL,Chile,LOS CURUROS,CHL0002011,109.6,-31.0299,-71.6571,Wind,,,,,PARQUE EOLICO LOS CURUROS LTDA.,Energía Abierta,http://energiaabierta.cl/electricidad/,Energía Abierta,,2016,,,,,,
CHL,Chile,LOS ESPINOS,CHL0000076,124.0,-31.8830,-71.4503,Oil,,,,,TERMOELECTRICA LOS ESPINOS S.A.,Energía Abierta,http://energiaabierta.cl/electricidad/,Energía Abierta,,2016,,,,,,
CHL,Chile,LOS GUINDOS,CHL0000065,139.0,,,Oil,,,,,LOS GUINDOS GENERACION S.P.A,Energía Abierta,http://energiaabierta.cl/electricidad/,Energía Abierta,,2016,,,,,,
CHL,Chile,LOS HIERROS,CHL0001070,25.0,-35.8578,-71.0639,Hydro,,,,,EMPRESA ELECTRICAS AGUAS DEL MELADO S.A.,Energía Abierta,http://energiaabierta.cl/electricidad/,Energía Abierta,,2016,,,,,,
CHL,Chile,LOS HIERROS 2,CHL0001071,6.0,-35.8398,-71.0789,Hydro,,,,,EMPRESA ELECTRICA PORTEZUELO SPA.,Energía Abierta,http://energiaabierta.cl/electricidad/,Energía Abierta,,2016,,,,,,
CHL,Chile,LOS MOLLES,CHL0001072,18.0,-30.7447,-70.5875,Hydro,,,,,ENDESA,Energía Abierta,http://energiaabierta.cl/electricidad/,Energía Abierta,,2016,,,,,,
CHL,Chile,LOS MORROS,CHL0001073,3.0,-33.6482,-70.6566,Hydro,,,,,CIA. EMPRESA LOS MORROS S.A.,Energía Abierta,http://energiaabierta.cl/electricidad/,Energía Abierta,,2016,,,,,,
CHL,Chile,LOS PADRES,CHL0001074,2.0,-37.5283,-71.7059,Hydro,,,,,LOS PADRES HIDRO S.A.,Energía Abierta,http://energiaabierta.cl/electricidad/,Energía Abierta,,2016,,,,,,
CHL,Chile,LOS PINOS,CHL0000066,102.839478,-37.0854,-72.3247,Oil,,,,,COLBUN S.A.,Energía Abierta,http://energiaabierta.cl/electricidad/,Energía Abierta,,2016,,,,,,
CHL,Chile,LOS PUQUIOS,CHL0004005,2.47,,,Solar,,,,,,Energía Abierta,http://energiaabierta.cl/electricidad/,Energía Abierta,,2016,,,,,,
CHL,Chile,LOS QUILOS,CHL0001075,40.0,-32.8665,-70.4080,Hydro,,,,,COLBUN S.A.,Energía Abierta,http://energiaabierta.cl/electricidad/,Energía Abierta,,2016,,,,,,
CHL,Chile,LOS SAUCES II,CHL0000129,1.5,-37.9658,-72.8269,Oil,,,,,SAGESA,Energía Abierta,http://energiaabierta.cl/electricidad/,Energía Abierta,,2016,,,,,,
CHL,Chile,LOS VIENTOS,CHL0000116,131.34,-32.8439,-71.0128,Oil,,,,,AES GENER S.A.,Energía Abierta,http://energiaabierta.cl/electricidad/,Energía Abierta,,2016,,,,,,
CHL,Chile,LOUSIANA PACIFIC,CHL0000094,2.9,-39.5610,-72.4743,Oil,,,,,SAGESA,Energía Abierta,http://energiaabierta.cl/electricidad/,Energía Abierta,,2016,,,,,,
CHL,Chile,LOUSIANA PACIFIC II,CHL0000047,3.2,-38.5418,-72.4699,Oil,,,,,SAGESA,Energía Abierta,http://energiaabierta.cl/electricidad/,Energía Abierta,,2016,,,,,,
CHL,Chile,LUNA,CHL0004006,2.96,,,Solar,,,,,,Energía Abierta,http://energiaabierta.cl/electricidad/,Energía Abierta,,2016,,,,,,
CHL,Chile,Laja,CHL0003013,12.6,-37.1690,-72.4087,Biomass,,,,,AES GENER,Energía Abierta,http://energiaabierta.cl/electricidad/,Energía Abierta,,2016,,,,,,
CHL,Chile,Las Pampas,CHL0003014,0.4,-34.3676,-71.4092,Biomass,,,,,BIOENERGIA LAS PAMPAS SPA,Energía Abierta,http://energiaabierta.cl/electricidad/,Energía Abierta,,2016,,,,,,
CHL,Chile,Lautaro,CHL0003015,26.0,-38.5419,-72.4674,Biomass,,,,,COMASA S.A.,Energía Abierta,http://energiaabierta.cl/electricidad/,Energía Abierta,,2016,,,,,,
CHL,Chile,Lautaro II,CHL0003016,22.0,-38.5407,-72.4682,Biomass,,,,,COMASA S.A.,Energía Abierta,http://energiaabierta.cl/electricidad/,Energía Abierta,,2016,,,,,,
CHL,Chile,Licanten,CHL0003017,6.0,-34.9882,-72.0199,Biomass,,,,,ARAUCO BIOENERGIA S.A.,Energía Abierta,http://energiaabierta.cl/electricidad/,Energía Abierta,,2016,,,,,,
CHL,Chile,Loma Los Colorados (KDM),CHL0003018,2.0,-32.9557,-70.8043,Biomass,,,,,KDM ENERGIA S.A.,Energía Abierta,http://energiaabierta.cl/electricidad/,Energía Abierta,,2016,,,,,,
CHL,Chile,Loma Los Colorados II,CHL0003019,18.2,-32.9567,-70.8046,Biomass,,,,,KDM ENERGIA S.A.,Energía Abierta,http://energiaabierta.cl/electricidad/,Energía Abierta,,2016,,,,,,
CHL,Chile,MACHICURA,CHL0001076,95.0,-35.7324,-71.3979,Hydro,,,,,COLBUN S.A.,Energía Abierta,http://energiaabierta.cl/electricidad/,Energía Abierta,,2016,,,,,,
CHL,Chile,MAISAN,CHL0001077,1.0,-38.9740,-72.6470,Hydro,,,,,HIDROELECTRICA MAISAN SPA.,Energía Abierta,http://energiaabierta.cl/electricidad/,Energía Abierta,,2016,,,,,,
CHL,Chile,MAITENES,CHL0001078,31.0,-33.5307,-70.2617,Hydro,,,,,AES GENER S.A.,Energía Abierta,http://energiaabierta.cl/electricidad/,Energía Abierta,,2016,,,,,,
CHL,Chile,MALLARAUCO,CHL0001079,3.0,-33.5874,-71.0044,Hydro,,,,,HIDROELECTRICA MALLARAUCO S.A.,Energía Abierta,http://energiaabierta.cl/electricidad/,Energía Abierta,,2016,,,,,,
CHL,Chile,MAMPIL,CHL0001080,55.0,-37.5404,-71.7098,Hydro,,,,,DUKE ENERGY,Energía Abierta,http://energiaabierta.cl/electricidad/,Energía Abierta,,2016,,,,,,
CHL,Chile,MANIHUALES,CHL0000025,0.825,,,Oil,,,,,EDELAYSEN,Energía Abierta,http://energiaabierta.cl/electricidad/,Energía Abierta,,2016,,,,,,
CHL,Chile,MANTOS BLANCOS,CHL0000010,27.9,-23.4450,-70.0758,Oil,,,,,MINERA MANTOS BLANCOS,Energía Abierta,http://energiaabierta.cl/electricidad/,Energía Abierta,,2016,,,,,,
CHL,Chile,MARIA ELENA,CHL0001081,0.0,,,Hydro,,,,,GENERADORA ELECTRICA MARIA ELENA LTDA.,Energía Abierta,http://energiaabierta.cl/electricidad/,Energía Abierta,,2016,,,,,,
CHL,Chile,MARIA ELENA,CHL0004007,68.0,-40.7719,-72.4875,Solar,,,,,,Energía Abierta,http://energiaabierta.cl/electricidad/,Energía Abierta,,2016,,,,,,
CHL,Chile,MARIPOSAS,CHL0001082,6.0,-35.5961,-71.2642,Hydro,,,,,HIDROLIRCAY,Energía Abierta,http://energiaabierta.cl/electricidad/,Energía Abierta,,2016,,,,,,
CHL,Chile,MATAVERI,CHL0000127,3.2,,,Oil,,,,,SAESA,Energía Abierta,http://energiaabierta.cl/electricidad/,Energía Abierta,,2016,,,,,,
CHL,Chile,MAULE,CHL0000098,6.0,-35.3602,-72.4066,Oil,,,,,ELEKTRAGEN,Energía Abierta,http://energiaabierta.cl/electricidad/,Energía Abierta,,2016,,,,,,
CHL,Chile,MCH DOSAL,CHL0001083,0.0,,,Hydro,,,,,DOSAL HNOS. Y CIA. LTDA.,Energía Abierta,http://energiaabierta.cl/electricidad/,Energía Abierta,,2016,,,,,,
CHL,Chile,MINIHIDRO SANTA ROSA,CHL0001084,1.0,,,Hydro,,,,,ENERNUEVAS,Energía Abierta,http://energiaabierta.cl/electricidad/,Energía Abierta,,2016,,,,,,
CHL,Chile,MONREAL,CHL0001085,3.0,,,Hydro,,,,,EDELAYSEN,Energía Abierta,http://energiaabierta.cl/electricidad/,Energía Abierta,,2016,,,,,,
CHL,Chile,MONTE PATRIA,CHL0000077,9.0,-30.6968,-70.9491,Oil,,,,,ELEKTRAGEN,Energía Abierta,http://energiaabierta.cl/electricidad/,Energía Abierta,,2016,,,,,,
CHL,Chile,MONTE REDONDO,CHL0002012,48.0,-31.0773,-71.6578,Wind,,,,,EOLICA MONTE REDONDO S.A.,Energía Abierta,http://energiaabierta.cl/electricidad/,Energía Abierta,,2016,,,,,,
CHL,Chile,MUCHI,CHL0001086,1.0,-40.3168,-72.2273,Hydro,,,,,HIDROMUCHI S.A.,Energía Abierta,http://energiaabierta.cl/electricidad/,Energía Abierta,,2016,,,,,,
CHL,Chile,MULTIEXPORT (I-II),CHL0000086,3.0,-41.4678,-72.9738,Oil,,,,,SAGESA,Energía Abierta,http://energiaabierta.cl/electricidad/,Energía Abierta,,2016,,,,,,
CHL,Chile,Masisa,CHL0003020,11.0,-37.0455,-72.4001,Biomass,,,,,MASISA ECOENERGIA S.A.,Energía Abierta,http://energiaabierta.cl/electricidad/,Energía Abierta,,2016,,,,,,
CHL,Chile,NALCAS,CHL0001087,7.0,-40.8952,-72.3401,Hydro,,,,,HIDRONALCAS S.A.,Energía Abierta,http://energiaabierta.cl/electricidad/,Energía Abierta,,2016,,,,,,
CHL,Chile,NEHUENCO,CHL0000117,874.7,-32.9366,-71.3231,Gas,,,,,COLBUN S.A.,Energía Abierta,http://energiaabierta.cl/electricidad/,Energía Abierta,,2016,,,,,,
CHL,Chile,NEWEN,CHL0000067,14.347689,-36.7755,-73.1127,Gas,,,,,GAS SUR S.A.,Energía Abierta,http://energiaabierta.cl/electricidad/,Energía Abierta,,2016,,,,,,
CHL,Chile,NUEVA ALDEA II,CHL0000133,10.0,-36.6598,-72.4794,Oil,,,,,ARAUCO BIOENERGIAS,Energía Abierta,http://energiaabierta.cl/electricidad/,Energía Abierta,,2016,,,,,,
CHL,Chile,NUEVA PUERTO IBANEZ,CHL0000128,0.16,,,Oil,,,,,EDELAYSEN,Energía Abierta,http://energiaabierta.cl/electricidad/,Energía Abierta,,2016,,,,,,
CHL,Chile,NUEVA RENCA,CHL0000102,369.904,-33.4184,-70.6870,Oil,,,,,SOC. ELECTRICA SANTIAGO S.A.,Energía Abierta,http://energiaabierta.cl/electricidad/,Energía Abierta,,2016,,,,,,
CHL,Chile,NUEVA VENTANAS,CHL0000118,248.9888,-32.7498,-71.4832,Coal,,,,,ELECTRICA VENTANAS,Energía Abierta,http://energiaabierta.cl/electricidad/,Energía Abierta,,2016,,,,,,
CHL,Chile,Nueva Aldea I (ex Itata),CHL0003021,14.0,-36.6597,-72.4731,Biomass,,,,,PANELES ARAUCO S.A.,Energía Abierta,http://energiaabierta.cl/electricidad/,Energía Abierta,,2016,,,,,,
CHL,Chile,Nueva Aldea III,CHL0003022,37.0,-36.6620,-72.4822,Biomass,,,,,ARAUCO BIOENERGIA S.A.,Energía Abierta,http://energiaabierta.cl/electricidad/,Energía Abierta,,2016,,,,,,
CHL,Chile,OJOS DE AGUA,CHL0001088,9.0,-35.7859,-70.8076,Hydro,,,,,ENDESAECO S.A.,Energía Abierta,http://energiaabierta.cl/electricidad/,Energía Abierta,,2016,,,,,,
CHL,Chile,OLIVOS,CHL0000078,115.2,-31.9353,-71.4769,Oil,,,,,POTENCIA S.A.,Energía Abierta,http://energiaabierta.cl/electricidad/,Energía Abierta,,2016,,,,,,
CHL,Chile,ORAFTI,CHL0000074,0.5,-36.9098,-72.3451,Oil,,,,,BENEO ORAFTI,Energía Abierta,http://energiaabierta.cl/electricidad/,Energía Abierta,,2016,,,,,,
CHL,Chile,PALENA,CHL0000028,0.58,,,Oil,,,,,EDELAYSEN,Energía Abierta,http://energiaabierta.cl/electricidad/,Energía Abierta,,2016,,,,,,
CHL,Chile,PALMUCHO,CHL0001089,32.0,-38.0452,-71.4713,Hydro,,,,,ENDESA,Energía Abierta,http://energiaabierta.cl/electricidad/,Energía Abierta,,2016,,,,,,
CHL,Chile,PANGUE,CHL0001090,467.0,-37.9099,-71.6087,Hydro,,,,,ENDESA,Energía Abierta,http://energiaabierta.cl/electricidad/,Energía Abierta,,2016,,,,,,
CHL,Chile,PANGUIPULLI,CHL0001091,0.0,,,Hydro,,,,,IMELSA,Energía Abierta,http://energiaabierta.cl/electricidad/,Energía Abierta,,2016,,,,,,
CHL,Chile,PEHUENCHE,CHL0001092,570.0,-35.7338,-71.1555,Hydro,,,,,EMPRESA ELECTRICA PEHUENCHE S.A.,Energía Abierta,http://energiaabierta.cl/electricidad/,Energía Abierta,,2016,,,,,,
CHL,Chile,PEHUI,CHL0001093,1.0,-40.5567,-72.5161,Hydro,,,,,GENERADORA ELECTRICA RHOM LTDA,Energía Abierta,http://energiaabierta.cl/electricidad/,Energía Abierta,,2016,,,,,,
CHL,Chile,PETROPOWER,CHL0000106,62.9775,-36.7873,-73.1217,Petcoke,,,,,PETROPOWER S.A.,Energía Abierta,http://energiaabierta.cl/electricidad/,Energía Abierta,,2016,,,,,,
CHL,Chile,PEUCHEN,CHL0001094,85.0,-37.5404,-71.5965,Hydro,,,,,DUKE ENERGY,Energía Abierta,http://energiaabierta.cl/electricidad/,Energía Abierta,,2016,,,,,,
CHL,Chile,PICHILONCO,CHL0001095,1.0,-40.3290,-72.3226,Hydro,,,,,HIDROELECTRICA PICHILONCO S.A.,Energía Abierta,http://energiaabierta.cl/electricidad/,Energía Abierta,,2016,,,,,,
CHL,Chile,PILMAIQUEN,CHL0001096,41.0,-40.6381,-72.6497,Hydro,,,,,EMPRESA ELECTRICA PUYEHUE S.A.,Energía Abierta,http://energiaabierta.cl/electricidad/,Energía Abierta,,2016,,,,,,
CHL,Chile,PLACILLA,CHL0000119,3.0,-33.1085,-71.5591,Oil,,,,,TECNORED,Energía Abierta,http://energiaabierta.cl/electricidad/,Energía Abierta,,2016,,,,,,
CHL,Chile,PLANTA CURICO,CHL0000099,2.0,-35.0207,-71.2436,Coal,,,,,CGI IANSA,Energía Abierta,http://energiaabierta.cl/electricidad/,Energía Abierta,,2016,,,,,,
CHL,Chile,PLANTA DE ACIDO SULFURICO MEJILLONES,CHL0000011,17.5,,,Cogeneration,,,,,NORACID,Energía Abierta,http://energiaabierta.cl/electricidad/,Energía Abierta,,2016,,,,,,
CHL,Chile,PMGD MULCHEN,CHL0001097,3.0,,,Hydro,,,,,CENTRAL HIDROELECTRICA RIO MULCHEN S.A.,Energía Abierta,http://energiaabierta.cl/electricidad/,Energía Abierta,,2016,,,,,,
CHL,Chile,PMGD PICA I,CHL0004008,0.6,,,Solar,,,,,,Energía Abierta,http://energiaabierta.cl/electricidad/,Energía Abierta,,2016,,,,,,
CHL,Chile,PORVENIR,CHL0000036,8.05,,,Gas,Oil,,,,EDELMAG,Energía Abierta,http://energiaabierta.cl/electricidad/,Energía Abierta,,2016,,,,,,
CHL,Chile,POZO ALMONTE SOLAR 1,CHL0004009,9.0,,,Solar,,,,,,Energía Abierta,http://energiaabierta.cl/electricidad/,Energía Abierta,,2016,,,,,,
CHL,Chile,POZO ALMONTE SOLAR 2,CHL0004010,7.5,-20.2717,-69.7559,Solar,,,,,,Energía Abierta,http://energiaabierta.cl/electricidad/,Energía Abierta,,2016,,,,,,
CHL,Chile,POZO ALMONTE SOLAR 3,CHL0004011,16.0,-20.2517,-69.7588,Solar,,,,,,Energía Abierta,http://energiaabierta.cl/electricidad/,Energía Abierta,,2016,,,,,,
CHL,Chile,PROVIDENCIA,CHL0001098,14.0,-35.4697,-71.2729,Hydro,,,,,HIDROELECTRICA PROVIDENCIA S.A.,Energía Abierta,http://energiaabierta.cl/electricidad/,Energía Abierta,,2016,,,,,,
CHL,Chile,PUCLARO,CHL0001099,6.0,-29.9961,-70.8638,Hydro,,,,,HIDROELECTRICA PUCLARO S.A.,Energía Abierta,http://energiaabierta.cl/electricidad/,Energía Abierta,,2016,,,,,,
CHL,Chile,PUERTO IBANEZ,CHL0000023,0.16,,,Oil,,,,,EDELAYSEN,Energía Abierta,http://energiaabierta.cl/electricidad/,Energía Abierta,,2016,,,,,,
CHL,Chile,PUERTO NATALES,CHL0000035,10.35,,,Gas,Oil,,,,EDELMAG,Energía Abierta,http://energiaabierta.cl/electricidad/,Energía Abierta,,2016,,,,,,
CHL,Chile,PUERTO WILLIAMS,CHL0000037,2.38,,,Oil,,,,,EDELMAG,Energía Abierta,http://energiaabierta.cl/electricidad/,Energía Abierta,,2016,,,,,,
CHL,Chile,PULLINQUE,CHL0001100,51.0,-39.5957,-72.2175,Hydro,,,,,EMPRESA ELECTRICA PANGUIPULLI S.A.,Energía Abierta,http://energiaabierta.cl/electricidad/,Energía Abierta,,2016,,,,,,
CHL,Chile,PUNITAQUI,CHL0000079,9.0,-30.8580,-71.2406,Oil,,,,,ELEKTRAGEN,Energía Abierta,http://energiaabierta.cl/electricidad/,Energía Abierta,,2016,,,,,,
CHL,Chile,PUNTA ARENAS,CHL0000034,8.78,,,Gas,Oil,,,,EDELMAG,Energía Abierta,http://energiaabierta.cl/electricidad/,Energía Abierta,,2016,,,,,,
CHL,Chile,PUNTA COLORADA,CHL0000080,16.609,-29.3668,-71.0429,Oil,,,,,CIA. BARRICK CHILE GENERACION LTDA,Energía Abierta,http://energiaabierta.cl/electricidad/,Energía Abierta,,2016,,,,,,
CHL,Chile,PUNTA COLORADA,CHL0002013,20.0,-29.3662,-71.0585,Wind,,,,,BARRICK CHILE GENERACION S.A.,Energía Abierta,http://energiaabierta.cl/electricidad/,Energía Abierta,,2016,,,,,,
CHL,Chile,PUNTA PALMERAS,CHL0002014,45.0,-31.2345,-71.6404,Wind,,,,,PUNTA PALMERAS S.A.,Energía Abierta,http://energiaabierta.cl/electricidad/,Energía Abierta,,2016,,,,,,
CHL,Chile,PUNTILLA,CHL0001101,22.0,-33.6187,-70.5352,Hydro,,,,,ELECTRICA PUNTILLA S.A.,Energía Abierta,http://energiaabierta.cl/electricidad/,Energía Abierta,,2016,,,,,,
CHL,Chile,PURISIMA,CHL0001102,0.0,-35.2021,-71.1820,Hydro,,,,,ENERBOSCH S.A.,Energía Abierta,http://energiaabierta.cl/electricidad/,Energía Abierta,,2016,,,,,,
CHL,Chile,PUYUHUAPI,CHL0000031,0.29,,,Oil,,,,,EDELAYSEN,Energía Abierta,http://energiaabierta.cl/electricidad/,Energía Abierta,,2016,,,,,,
CHL,Chile,PV SALVADOR,CHL0004012,68.0,-26.3141,-69.8681,Solar,,,,,,Energía Abierta,http://energiaabierta.cl/electricidad/,Energía Abierta,,2016,,,,,,
CHL,Chile,QUELLON II,CHL0000087,7.0,-43.0913,-73.6143,Oil,,,,,SAGESA,Energía Abierta,http://energiaabierta.cl/electricidad/,Energía Abierta,,2016,,,,,,
CHL,Chile,QUELTEHUES,CHL0001103,49.0,-33.8128,-70.2193,Hydro,,,,,AES GENER S.A.,Energía Abierta,http://energiaabierta.cl/electricidad/,Energía Abierta,,2016,,,,,,
CHL,Chile,QUILLAILEO,CHL0001104,1.0,-37.6930,-71.8082,Hydro,,,,,EBCO ENERGIA,Energía Abierta,http://energiaabierta.cl/electricidad/,Energía Abierta,,2016,,,,,,
CHL,Chile,QUILLECO,CHL0001105,71.0,-37.3360,-71.9567,Hydro,,,,,COLBUN S.A.,Energía Abierta,http://energiaabierta.cl/electricidad/,Energía Abierta,,2016,,,,,,
CHL,Chile,QUINTAY,CHL0000120,3.0,-33.2007,-71.6592,Oil,,,,,TECNORED,Energía Abierta,http://energiaabierta.cl/electricidad/,Energía Abierta,,2016,,,,,,
CHL,Chile,QUINTERO,CHL0000121,255.2,-32.7871,-71.4855,Oil,,,,,ENDESA,Energía Abierta,http://energiaabierta.cl/electricidad/,Energía Abierta,,2016,,,,,,
CHL,Chile,RAKI,CHL0002015,9.0,,,Wind,,,,,PROYECTO RAKI SPA,Energía Abierta,http://energiaabierta.cl/electricidad/,Energía Abierta,,2016,,,,,,
CHL,Chile,RALCO,CHL0001106,690.0,-37.9969,-71.5199,Hydro,,,,,ENDESA,Energía Abierta,http://energiaabierta.cl/electricidad/,Energía Abierta,,2016,,,,,,
CHL,Chile,RAPEL,CHL0001107,378.0,-34.0409,-71.5902,Hydro,,,,,ENDESA,Energía Abierta,http://energiaabierta.cl/electricidad/,Energía Abierta,,2016,,,,,,
CHL,Chile,RECA,CHL0001108,2.0,-39.7834,-72.1159,Hydro,,,,,ENERBOSCH S.A.,Energía Abierta,http://energiaabierta.cl/electricidad/,Energía Abierta,,2016,,,,,,
CHL,Chile,RENAICO,CHL0001109,6.0,-37.8138,-72.4155,Hydro,,,,,MAINCO S.A.,Energía Abierta,http://energiaabierta.cl/electricidad/,Energía Abierta,,2016,,,,,,
CHL,Chile,RENCA,CHL0000103,92.0,-33.4173,-70.6886,Oil,,,,,SOC. ELECTRICA SANTIAGO S.A.,Energía Abierta,http://energiaabierta.cl/electricidad/,Energía Abierta,,2016,,,,,,
CHL,Chile,RIO AZUL,CHL0001110,1.0,,,Hydro,,,,,EDELAYSEN,Energía Abierta,http://energiaabierta.cl/electricidad/,Energía Abierta,,2016,,,,,,
CHL,Chile,RIO HUASCO,CHL0001111,5.0,-28.6762,-70.6451,Hydro,,,,,HIDROELECTRICA RIO HUASCO S.A.,Energía Abierta,http://energiaabierta.cl/electricidad/,Energía Abierta,,2016,,,,,,
CHL,Chile,RIO PICOIQUEN,CHL0001112,20.0,-37.8096,-72.8336,Hydro,,,,,HIDROANGOL S.A.,Energía Abierta,http://energiaabierta.cl/electricidad/,Energía Abierta,,2016,,,,,,
CHL,Chile,RIO TRUENO,CHL0001113,6.0,-38.6009,-72.0473,Hydro,,,,,HIDROELECTRICA TRUENO S.A.,Energía Abierta,http://energiaabierta.cl/electricidad/,Energía Abierta,,2016,,,,,,
CHL,Chile,ROBLERIA,CHL0001114,4.0,-35.8503,-71.2806,Hydro,,,,,GENERADORA ELECTRICA ROBLERIA LTDA.,Energía Abierta,http://energiaabierta.cl/electricidad/,Energía Abierta,,2016,,,,,,
CHL,Chile,RUCATAYO,CHL0001115,60.0,-40.6191,-72.7038,Hydro,,,,,EMPRESA ELECTRICA RUCATAYO S.A.,Energía Abierta,http://energiaabierta.cl/electricidad/,Energía Abierta,,2016,,,,,,
CHL,Chile,RUCUE,CHL0001116,178.0,-37.3603,-71.8657,Hydro,,,,,COLBUN S.A.,Energía Abierta,http://energiaabierta.cl/electricidad/,Energía Abierta,,2016,,,,,,
CHL,Chile,SALMOFOOD I,CHL0000040,1.6,-42.4804,-73.7721,Oil,,,,,SAGESA,Energía Abierta,http://energiaabierta.cl/electricidad/,Energía Abierta,,2016,,,,,,
CHL,Chile,SALMOFOOD II,CHL0000041,1.6,-42.4804,-73.7721,Oil,,,,,SAGESA,Energía Abierta,http://energiaabierta.cl/electricidad/,Energía Abierta,,2016,,,,,,
CHL,Chile,SALTA,CHL0000012,380.0,,,Gas,,,,,AES GENER,Energía Abierta,http://energiaabierta.cl/electricidad/,Energía Abierta,,2016,,,,,,
CHL,Chile,SAN ANDRES,CHL0001117,40.0,-34.7347,-70.3825,Hydro,,,,,HIDROELECTRICA SAN ANDRES LTDA.,Energía Abierta,http://energiaabierta.cl/electricidad/,Energía Abierta,,2016,,,,,,
CHL,Chile,SAN CLEMENTE,CHL0001118,6.0,-35.5982,-71.3556,Hydro,,,,,COLBUN S.A.,Energía Abierta,http://energiaabierta.cl/electricidad/,Energía Abierta,,2016,,,,,,
CHL,Chile,SAN GREGORIO,CHL0000068,0.5,-36.2788,-71.8188,Oil,,,,,TECNORED,Energía Abierta,http://energiaabierta.cl/electricidad/,Energía Abierta,,2016,,,,,,
CHL,Chile,SAN IGNACIO,CHL0001119,37.0,-35.6146,-71.5413,Hydro,,,,,COLBUN S.A.,Energía Abierta,http://energiaabierta.cl/electricidad/,Energía Abierta,,2016,,,,,,
CHL,Chile,SAN ISIDRO I,CHL0000132,379.0,-32.9460,-71.3388,Gas,,,,,ENDESA,Energía Abierta,http://energiaabierta.cl/electricidad/,Energía Abierta,,2016,,,,,,
CHL,Chile,SAN ISIDRO II,CHL0000122,406.35,-32.9460,-71.3388,Gas,,,,,EMPRESA NACIONAL DE ELECTRICIDAD S.A.,Energía Abierta,http://energiaabierta.cl/electricidad/,Energía Abierta,,2016,,,,,,
CHL,Chile,SAN LORENZO DE DIEGO DE ALMAGRO (U1-U2-U3),CHL0000055,62.2,-26.4004,-70.0380,Oil,,,,,ENLASA,Energía Abierta,http://energiaabierta.cl/electricidad/,Energía Abierta,,2016,,,,,,
CHL,Chile,SANTA CECILIA,CHL0004013,2.96,-29.1172,-70.9134,Solar,,,,,,Energía Abierta,http://energiaabierta.cl/electricidad/,Energía Abierta,,2016,,,,,,
CHL,Chile,SANTA LIDIA,CHL0000069,137.61,-37.0930,-72.3164,Oil,,,,,AES GENER S.A.,Energía Abierta,http://energiaabierta.cl/electricidad/,Energía Abierta,,2016,,,,,,
CHL,Chile,SANTA MARIA,CHL0000070,341.991,-37.0420,-73.1300,Coal,,,,,COLBUN S.A.,Energía Abierta,http://energiaabierta.cl/electricidad/,Energía Abierta,,2016,,,,,,
CHL,Chile,SAUCE ANDES,CHL0001120,1.0,-32.8323,-70.5390,Hydro,,,,,GENERADORA ELECTRICA SAUCE LOS ANDES S.A.,Energía Abierta,http://energiaabierta.cl/electricidad/,Energía Abierta,,2016,,,,,,
CHL,Chile,SAUZAL,CHL0001121,77.0,-34.2367,-70.5474,Hydro,,,,,ENDESA,Energía Abierta,http://energiaabierta.cl/electricidad/,Energía Abierta,,2016,,,,,,
CHL,Chile,SAUZALITO,CHL0001122,12.0,-34.2367,-70.5474,Hydro,,,,,ENDESA,Energía Abierta,http://energiaabierta.cl/electricidad/,Energía Abierta,,2016,,,,,,
CHL,Chile,SDGX01,CHL0004014,1.28,-30.2272,-71.0925,Solar,,,,,,Energía Abierta,http://energiaabierta.cl/electricidad/,Energía Abierta,,2016,,,,,,
CHL,Chile,SKRETTING,CHL0000088,2.7,-40.5875,-73.0989,Oil,,,,,NUTRECO,Energía Abierta,http://energiaabierta.cl/electricidad/,Energía Abierta,,2016,,,,,,
CHL,Chile,SKRETTING OSORNO,CHL0000089,3.0,-40.5875,-73.0989,Oil,,,,,SAGESA,Energía Abierta,http://energiaabierta.cl/electricidad/,Energía Abierta,,2016,,,,,,
CHL,Chile,SOL,CHL0004015,2.96,,,Solar,,,,,,Energía Abierta,http://energiaabierta.cl/electricidad/,Energía Abierta,,2016,,,,,,
CHL,Chile,SOLAR DIEGO DE ALMAGRO,CHL0004016,28.05,-26.3796,-70.0194,Solar,,,,,,Energía Abierta,http://energiaabierta.cl/electricidad/,Energía Abierta,,2016,,,,,,
CHL,Chile,SOLAR HORNITOS,CHL0004017,0.32,-27.7331,-70.1960,Solar,,,,,,Energía Abierta,http://energiaabierta.cl/electricidad/,Energía Abierta,,2016,,,,,,
CHL,Chile,SOLAR JAMA 1,CHL0004018,30.24,,,Solar,,,,,,Energía Abierta,http://energiaabierta.cl/electricidad/,Energía Abierta,,2016,,,,,,
CHL,Chile,SOLAR JAMA 2,CHL0004019,22.41,,,Solar,,,,,,Energía Abierta,http://energiaabierta.cl/electricidad/,Energía Abierta,,2016,,,,,,
CHL,Chile,SOLAR JAVIERA,CHL0004020,65.0,-26.3031,-70.2215,Solar,,,,,,Energía Abierta,http://energiaabierta.cl/electricidad/,Energía Abierta,,2016,,,,,,
CHL,Chile,SOLAR LAS TERRAZAS,CHL0004021,3.0,-27.6284,-70.3410,Solar,,,,,,Energía Abierta,http://energiaabierta.cl/electricidad/,Energía Abierta,,2016,,,,,,
CHL,Chile,SOLAR PSF CASAS BLANCAS,CHL0004022,2.0,-31.1950,-71.0308,Solar,,,,,,Energía Abierta,http://energiaabierta.cl/electricidad/,Energía Abierta,,2016,,,,,,
CHL,Chile,SOLAR PSF LOMAS COLORADAS,CHL0004023,2.0,-31.1864,-71.0225,Solar,,,,,,Energía Abierta,http://energiaabierta.cl/electricidad/,Energía Abierta,,2016,,,,,,
CHL,Chile,SOLAR SAN ANDRES,CHL0004024,50.6,-27.2542,-70.1112,Solar,,,,,,Energía Abierta,http://energiaabierta.cl/electricidad/,Energía Abierta,,2016,,,,,,
CHL,Chile,SOLAR TECHOS ALTAMIRA,CHL0004025,0.15,-33.4772,-70.5410,Solar,,,,,,Energía Abierta,http://energiaabierta.cl/electricidad/,Energía Abierta,,2016,,,,,,
CHL,Chile,Santa Fe,CHL0003023,67.2,-37.5144,-72.6519,Biomass,,,,,BIOENERGIA FORESTAL S.A.,Energía Abierta,http://energiaabierta.cl/electricidad/,Energía Abierta,,2016,,,,,,
CHL,Chile,Santa Irene,CHL0003024,0.4,-34.4712,-71.2941,Biomass,,,,,BIOENERGIA SANTA IRENE SPA,Energía Abierta,http://energiaabierta.cl/electricidad/,Energía Abierta,,2016,,,,,,
CHL,Chile,Santa Marta,CHL0003025,13.8,-33.7004,-70.7978,Biomass,,,,,CONSORCIO SANTA MARTA S.A.,Energía Abierta,http://energiaabierta.cl/electricidad/,Energía Abierta,,2016,,,,,,
CHL,Chile,TALINAY ORIENTE,CHL0002016,90.0,-30.8734,-71.5915,Wind,,,,,ENEL GREEN POWER CHILE Y P.A.,Energía Abierta,http://energiaabierta.cl/electricidad/,Energía Abierta,,2016,,,,,,
CHL,Chile,TALINAY PONIENTE,CHL0002017,60.6,-30.8631,-71.5984,Wind,,,,,EMPRESA ELECTRICA PANGUIPULLI S.A.,Energía Abierta,http://energiaabierta.cl/electricidad/,Energía Abierta,,2016,,,,,,
CHL,Chile,TALTAL,CHL0002018,99.0,-25.0595,-69.8485,Wind,,,,,PARQUE EOLICO TAL TAL S.A.,Energía Abierta,http://energiaabierta.cl/electricidad/,Energía Abierta,,2016,,,,,,
CHL,Chile,TALTAL,CHL0000042,244.4,-24.9888,-70.4660,Gas,,,,,ENDESA,Energía Abierta,http://energiaabierta.cl/electricidad/,Energía Abierta,,2016,,,,,,
CHL,Chile,TAMBO REAL,CHL0004026,2.94,-30.0484,-70.7702,Solar,,,,,,Energía Abierta,http://energiaabierta.cl/electricidad/,Energía Abierta,,2016,,,,,,
CHL,Chile,TAPIHUE,CHL0000123,6.4,-33.3327,-71.3899,Gas,,,,,TECNORED,Energía Abierta,http://energiaabierta.cl/electricidad/,Energía Abierta,,2016,,,,,,
CHL,Chile,TEHUELCHE,CHL0000021,11.713,,,Oil,,,,,EDELAYSEN,Energía Abierta,http://energiaabierta.cl/electricidad/,Energía Abierta,,2016,,,,,,
CHL,Chile,TENO,CHL0000100,58.882,-34.8686,-71.1419,Oil,,,,,ENLASA,Energía Abierta,http://energiaabierta.cl/electricidad/,Energía Abierta,,2016,,,,,,
CHL,Chile,TERMOELECTRICA ANGAMOS 1(ANG1)_ 2(ANG2),CHL0000013,488.3,-23.0677,-70.3690,Coal,,,,,ANGAMOS,Energía Abierta,http://energiaabierta.cl/electricidad/,Energía Abierta,,2016,,,,,,
CHL,Chile,TERMOELECTRICA HORNITOS (CTH),CHL0000014,153.9,-32.9006,-70.2633,Coal,,,,,HORNITOS,Energía Abierta,http://energiaabierta.cl/electricidad/,Energía Abierta,,2016,,,,,,
CHL,Chile,TERMOELECTRICA MEJILLONES (CTM1),CHL0000015,318.9,-23.0854,-70.4100,Coal,Petcoke,,,,E-CL,Energía Abierta,http://energiaabierta.cl/electricidad/,Energía Abierta,,2016,,,,,,
CHL,Chile,TERMOELECTRICA NORGENER (NTO2),CHL0000016,259.3,-22.0970,-70.2109,Coal,Petcoke,,,,AES GENER,Energía Abierta,http://energiaabierta.cl/electricidad/,Energía Abierta,,2016,,,,,,
CHL,Chile,TERMOELECTRICA TARAPACA,CHL0000018,172.2,-20.8057,-70.1928,Coal,Oil,,,,CELTA,Energía Abierta,http://energiaabierta.cl/electricidad/,Energía Abierta,,2016,,,,,,
CHL,Chile,TERMOELECTRICA TOCOPILLA (U12),CHL0000017,1001.7,-22.0910,-70.2126,Coal,Petcoke,,,,E-CL,Energía Abierta,http://energiaabierta.cl/electricidad/,Energía Abierta,,2016,,,,,,
CHL,Chile,TERMOPACIFICO,CHL0000056,86.05755,-27.4920,-70.3818,Oil,,,,,GENERADORA DEL PACIFICO S.A.,Energía Abierta,http://energiaabierta.cl/electricidad/,Energía Abierta,,2016,,,,,,
CHL,Chile,TIRUA,CHL0000071,1.9,,,Oil,,,,,SAGESA,Energía Abierta,http://energiaabierta.cl/electricidad/,Energía Abierta,,2016,,,,,,
CHL,Chile,TOMAVAL 1,CHL0000125,1.0,-32.8489,-71.2267,Oil,,,,,TOMAVAL GENERACION,Energía Abierta,http://energiaabierta.cl/electricidad/,Energía Abierta,,2016,,,,,,
CHL,Chile,TOMAVAL 2,CHL0000124,1.6,-32.8489,-71.2267,Gas,,,,,TOMAVAL GENERACION,Energía Abierta,http://energiaabierta.cl/electricidad/,Energía Abierta,,2016,,,,,,
CHL,Chile,TOTORAL,CHL0002019,46.0,-31.3256,-71.6110,Wind,,,,,NORVIND S.A.,Energía Abierta,http://energiaabierta.cl/electricidad/,Energía Abierta,,2016,,,,,,
CHL,Chile,TRAILELFU,CHL0001123,2.0,,,Hydro,,,,,HIDROELECTRICA TRAILELFU SPA,Energía Abierta,http://energiaabierta.cl/electricidad/,Energía Abierta,,2016,,,,,,
CHL,Chile,TRAPEN,CHL0000090,81.0,-41.5177,-73.0768,Oil,,,,,ENLASA,Energía Abierta,http://energiaabierta.cl/electricidad/,Energía Abierta,,2016,,,,,,
CHL,Chile,TRES PUENTES,CHL0000033,72.13,,,Gas,Oil,,,,EDELMAG,Energía Abierta,http://energiaabierta.cl/electricidad/,Energía Abierta,,2016,,,,,,
CHL,Chile,TRONGOL-CURANILAHUE,CHL0000072,2.8,-37.4914,-73.3208,Oil,,,,,SAGESA,Energía Abierta,http://energiaabierta.cl/electricidad/,Energía Abierta,,2016,,,,,,
CHL,Chile,TRUFULTRUFUL,CHL0001124,1.0,-38.8403,-71.6608,Hydro,,,,,HIDROELEC S.A.,Energía Abierta,http://energiaabierta.cl/electricidad/,Energía Abierta,,2016,,,,,,
CHL,Chile,Tamm,CHL0003026,0.19,-34.7166,-71.0389,Biomass,,,,,ROBERTO TAMM Y CIA. LTDA.,Energía Abierta,http://energiaabierta.cl/electricidad/,Energía Abierta,,2016,,,,,,
CHL,Chile,UCUQUER,CHL0002020,7.2,-34.0448,-71.6108,Wind,,,,,ENERGIAS UCUQUER S.A.,Energía Abierta,http://energiaabierta.cl/electricidad/,Energía Abierta,,2016,,,,,,
CHL,Chile,UCUQUER 2,CHL0002021,10.75,-34.0427,-71.6223,Wind,,,,,ENERGIAS UCUQUER S.A.,Energía Abierta,http://energiaabierta.cl/electricidad/,Energía Abierta,,2016,,,,,,
CHL,Chile,VALLE DE LOS VIENTOS,CHL0002022,90.0,-22.4803,-68.8236,Wind,,,,,PARQUE EOLICO VALLE DE LOS VIENTOS S.A.,Energía Abierta,http://energiaabierta.cl/electricidad/,Energía Abierta,,2016,,,,,,
CHL,Chile,VENTANAS,CHL0000126,322.0,-32.7493,-71.4812,Coal,,,,,AES GENER S.A.,Energía Abierta,http://energiaabierta.cl/electricidad/,Energía Abierta,,2016,,,,,,
CHL,Chile,VOLCAN,CHL0001125,13.0,-33.8206,-70.2148,Hydro,,,,,AES GENER S.A.,Energía Abierta,http://energiaabierta.cl/electricidad/,Energía Abierta,,2016,,,,,,
CHL,Chile,WATT (1-2),CHL0000091,3.0,-40.5910,-73.0973,Oil,,,,,SAGESA,Energía Abierta,http://energiaabierta.cl/electricidad/,Energía Abierta,,2016,,,,,,
CHL,Chile,YUNGAY,CHL0000073,199.1,-37.1055,-72.2933,Oil,,,,,DUKE ENERGY,Energía Abierta,http://energiaabierta.cl/electricidad/,Energía Abierta,,2016,,,,,,
